"[10, 23]","['tanh', 'sigmoid']",29f6,572,Adam,MaxAbsoluteDeviation,0.4495227038860321,0.37528735399246216,2.0747206000087317
"[10, 23]","['tanh', 'sigmoid']",29f6,286,Adam,MaxAbsoluteDeviation,0.9286215305328369,0.939476490020752,1.0461958999803755
"[10, 23]","['tanh', 'sigmoid']",29f6,700,Adam,MaxAbsoluteDeviation,0.3602195978164673,0.33749163150787354,2.1944225000042934
"[10, 23]","['tanh', 'sigmoid']",29f6,596,Adam,MaxAbsoluteDeviation,0.5178210735321045,0.5404219627380371,1.9200939000002109
"[10, 23, 19]","['tanh', 'sigmoid', 'elu']",29f6b0,596,Adam,MaxAbsoluteDeviation,0.33105751872062683,0.1444137692451477,1.973461599991424
"[10, 23, 19]","['tanh', 'sigmoid', 'elu']",29f6b0,596,Adam,MaxAbsoluteDeviation,0.2912397086620331,0.24634253978729248,1.967924900003709
"[10, 23, 19]","['tanh', 'sigmoid', 'elu']",29f6b0,700,Adam,MaxAbsoluteDeviation,0.21886703372001648,0.12508846819400787,2.2751492999959737
"[8, 23, 19, 10]","['tanh', 'sigmoid', 'elu', 'elu']",09f6b020,700,Adam,MaxAbsoluteDeviation,0.386246919631958,0.3397260904312134,2.372252600005595
"[8, 23, 19]","['tanh', 'sigmoid', 'elu']",09f6b0,700,Adam,MaxAbsoluteDeviation,0.5630882978439331,0.5119245648384094,2.257670999999391
"[8, 23, 19]","['tanh', 'sigmoid', 'elu']",09f6b0,444,Adam,MaxAbsoluteDeviation,0.8859876990318298,0.8872830867767334,1.547130199993262
"[8, 23, 19]","['tanh', 'sigmoid', 'elu']",09f6b0,700,Adam,MaxAbsoluteDeviation,0.33466729521751404,0.3342587351799011,2.2660685000009835
"[8, 23, 19, 14]","['tanh', 'sigmoid', 'elu', 'tanh']",09f6b069,700,Adam,MaxAbsoluteDeviation,1.0252243280410767,1.1845526695251465,2.3852842999913264
"[8, 23, 8]","['tanh', 'sigmoid', 'swish']",09f608,700,Adam,MaxAbsoluteDeviation,0.5569767355918884,0.4195965826511383,2.5210628999921028
"[23, 23, 19]","['tanh', 'sigmoid', 'elu']",f9f6b0,700,Adam,MaxAbsoluteDeviation,0.1651422083377838,0.13955453038215637,2.297660199983511
"[23, 23, 19]","['tanh', 'sigmoid', 'tanh']",f9f6b9,700,Adam,MaxAbsoluteDeviation,0.11858654022216797,0.13271015882492065,2.258810800005449
"[23, 23, 19, 12]","['tanh', 'sigmoid', 'tanh', 'elu']",f9f6b940,700,Adam,MaxAbsoluteDeviation,0.17779724299907684,0.17073388397693634,2.389855899993563
"[23, 23, 19, 12]","['sigmoid', 'sigmoid', 'tanh', 'elu']",f6f6b940,700,Adam,MaxAbsoluteDeviation,0.9755250811576843,1.0992356538772583,2.386034800001653
"[23, 23, 19, 12, 18]","['sigmoid', 'sigmoid', 'tanh', 'elu', 'tanh']",f6f6b940a9,700,Adam,MaxAbsoluteDeviation,0.991747260093689,1.0064527988433838,2.5262427999987267
"[23, 23, 19, 12, 18]","['sigmoid', 'sigmoid', 'tanh', 'elu', 'tanh']",f6f6b940a9,700,Adam,MaxAbsoluteDeviation,0.9776265025138855,1.2011820077896118,2.50691320002079
"[23, 23, 19, 12, 18, 15]","['sigmoid', 'sigmoid', 'tanh', 'elu', 'tanh', 'swish']",f6f6b940a978,700,Adam,MaxAbsoluteDeviation,0.9900218844413757,1.0649957656860352,2.6274680999922566
"[23, 23, 19, 8, 18, 15, 22]","['sigmoid', 'sigmoid', 'tanh', 'elu', 'tanh', 'swish', 'swish']",f6f6b900a978e8,700,Adam,MaxAbsoluteDeviation,0.9647680521011353,1.0528533458709717,2.747370500001125
"[23, 23, 19, 8, 18, 15, 22]","['sigmoid', 'sigmoid', 'tanh', 'elu', 'tanh', 'swish', 'swish']",f6f6b900a978e8,290,Adam,MaxAbsoluteDeviation,0.9961915016174316,1.0314068794250488,1.7408230000000913
"[23, 23, 19, 8, 18, 15, 22]","['sigmoid', 'sigmoid', 'tanh', 'elu', 'tanh', 'swish', 'swish']",f6f6b900a978e8,149,Adam,MaxAbsoluteDeviation,0.9672363996505737,1.074052333831787,1.0904773999936879
"[23, 23, 19, 8, 18, 15, 22]","['sigmoid', 'sigmoid', 'tanh', 'elu', 'tanh', 'swish', 'swish']",f6f6b900a978e8,700,Adam,MaxAbsoluteDeviation,0.9728797674179077,1.0893559455871582,2.7678661000099964
"[23, 23, 19, 18, 18, 15, 22, 10]","['sigmoid', 'sigmoid', 'tanh', 'elu', 'tanh', 'swish', 'swish', 'sigmoid']",f6f6b9a0a978e826,700,Adam,MaxAbsoluteDeviation,0.965486466884613,1.0622714757919312,2.886257799982559
"[23, 23, 19, 18, 18, 15, 8, 10]","['sigmoid', 'sigmoid', 'tanh', 'elu', 'tanh', 'swish', 'swish', 'sigmoid']",f6f6b9a0a9780826,700,Adam,MaxAbsoluteDeviation,0.973764955997467,1.0456721782684326,2.833164099982241
"[23, 23, 19, 18, 18, 8, 8, 10]","['sigmoid', 'sigmoid', 'tanh', 'elu', 'tanh', 'swish', 'swish', 'sigmoid']",f6f6b9a0a9080826,700,Adam,MaxAbsoluteDeviation,0.9799278378486633,1.0608198642730713,2.8882139999768697
"[23, 23, 19, 18, 18, 8, 8]","['sigmoid', 'sigmoid', 'tanh', 'elu', 'tanh', 'swish', 'swish']",f6f6b9a0a90808,700,Adam,MaxAbsoluteDeviation,0.9480836391448975,1.0612224340438843,2.7366417000012007
"[23, 23, 19, 8, 18, 8, 8]","['sigmoid', 'sigmoid', 'tanh', 'elu', 'tanh', 'swish', 'elu']",f6f6b900a90800,700,Adam,MaxAbsoluteDeviation,0.9686379432678223,1.0505013465881348,3.0020042000105605
"[23, 23, 19, 8, 18, 8]","['sigmoid', 'sigmoid', 'tanh', 'elu', 'tanh', 'swish']",f6f6b900a908,700,Adam,MaxAbsoluteDeviation,0.9437553286552429,1.1228077411651611,2.6632906000013463
"[23, 23, 8, 8, 18, 8]","['sigmoid', 'sigmoid', 'tanh', 'elu', 'tanh', 'swish']",f6f60900a908,700,Adam,MaxAbsoluteDeviation,0.968716561794281,1.0383105278015137,2.627537599997595
"[8, 23, 8, 8, 18, 8]","['sigmoid', 'sigmoid', 'tanh', 'elu', 'tanh', 'swish']",06f60900a908,700,Adam,MaxAbsoluteDeviation,0.9713407754898071,1.0377272367477417,2.617565699998522
"[8, 23, 8, 8, 18, 8]","['sigmoid', 'sigmoid', 'tanh', 'elu', 'tanh', 'swish']",06f60900a908,640,Adam,MaxAbsoluteDeviation,0.9580645561218262,1.061145544052124,2.4863645000150427
"[8, 23, 8, 8, 18, 8]","['sigmoid', 'sigmoid', 'tanh', 'elu', 'tanh', 'swish']",06f60900a908,700,Adam,MaxAbsoluteDeviation,0.964538037776947,1.0605624914169312,2.628001499979291
"[8, 23, 8, 8, 18, 8]","['sigmoid', 'sigmoid', 'tanh', 'elu', 'tanh', 'swish']",06f60900a908,418,Adam,MaxAbsoluteDeviation,0.9566743969917297,1.044311761856079,1.7793000000237953
"[8, 23, 8, 8, 8, 8]","['sigmoid', 'sigmoid', 'tanh', 'elu', 'tanh', 'swish']",06f609000908,418,Adam,MaxAbsoluteDeviation,1.009168267250061,1.0199065208435059,1.7778306000109296
"[8, 23, 8, 8, 8, 8]","['sigmoid', 'sigmoid', 'tanh', 'elu', 'tanh', 'swish']",06f609000908,398,Adam,MaxAbsoluteDeviation,0.9825664758682251,1.0653570890426636,1.6935210000083316
"[8, 23, 8, 8, 8, 8]","['sigmoid', 'sigmoid', 'tanh', 'elu', 'tanh', 'swish']",06f609000908,398,Adam,MaxAbsoluteDeviation,0.9641604423522949,1.0423604249954224,1.9600541999971028
"[8, 23, 8, 8, 8, 8, 10]","['sigmoid', 'sigmoid', 'tanh', 'elu', 'tanh', 'swish', 'elu']",06f60900090820,398,Adam,MaxAbsoluteDeviation,0.9735271334648132,1.047631025314331,1.7810702999995556
"[8, 23, 8, 23, 8, 8, 10]","['sigmoid', 'sigmoid', 'tanh', 'elu', 'tanh', 'swish', 'elu']",06f609f0090820,398,Adam,MaxAbsoluteDeviation,0.9553401470184326,1.0816044807434082,1.7791120999900158
"[8, 23, 8, 23, 8, 8]","['sigmoid', 'sigmoid', 'tanh', 'elu', 'tanh', 'swish']",06f609f00908,398,Adam,MaxAbsoluteDeviation,0.9821106195449829,1.045080304145813,1.7142262999841478
"[8, 23, 8, 23, 8, 8]","['sigmoid', 'sigmoid', 'tanh', 'elu', 'tanh', 'swish']",06f609f00908,398,Adam,MaxAbsoluteDeviation,0.9657695293426514,1.0560957193374634,1.7064179000153672
"[8, 23, 8, 23, 8, 8]","['sigmoid', 'sigmoid', 'tanh', 'elu', 'sigmoid', 'swish']",06f609f00608,398,Adam,MaxAbsoluteDeviation,0.9572049975395203,1.082733154296875,1.7016968000098132
"[8, 23, 8, 21, 8, 8]","['sigmoid', 'sigmoid', 'tanh', 'elu', 'sigmoid', 'swish']",06f609d00608,398,Adam,MaxAbsoluteDeviation,0.9700063467025757,1.0421996116638184,1.6966382999962661
"[8, 8, 8, 21, 8, 8]","['sigmoid', 'sigmoid', 'tanh', 'elu', 'sigmoid', 'swish']",060609d00608,398,Adam,MaxAbsoluteDeviation,0.9732135534286499,1.0499179363250732,1.7239448000036646
"[8, 8, 8, 21, 8, 8]","['sigmoid', 'sigmoid', 'tanh', 'elu', 'sigmoid', 'swish']",060609d00608,134,Adam,MaxAbsoluteDeviation,0.9757879376411438,1.0630134344100952,0.9445896999968681
"[8, 8, 8, 23, 8, 8]","['sigmoid', 'sigmoid', 'tanh', 'elu', 'sigmoid', 'swish']",060609f00608,700,Adam,MaxAbsoluteDeviation,1.0107544660568237,1.0108624696731567,2.610662599996431
"[8, 8, 8, 23, 8, 8, 14]","['sigmoid', 'sigmoid', 'tanh', 'elu', 'sigmoid', 'swish', 'swish']",060609f0060868,700,Adam,MaxAbsoluteDeviation,0.9498546123504639,1.0453983545303345,2.70523220000905
"[8, 8, 8, 8, 8, 23, 14]","['sigmoid', 'sigmoid', 'tanh', 'elu', 'sigmoid', 'swish', 'swish']",0606090006f868,700,Adam,MaxAbsoluteDeviation,0.9372268915176392,1.0191235542297363,2.7378849999804515
"[8, 8, 8, 8, 8, 23, 14]","['tanh', 'sigmoid', 'tanh', 'elu', 'sigmoid', 'swish', 'swish']",0906090006f868,700,Adam,MaxAbsoluteDeviation,0.6738633513450623,0.7046122550964355,2.7686320999928284
"[8, 8, 8, 8, 8]","['tanh', 'sigmoid', 'tanh', 'elu', 'sigmoid']",0906090006,700,Adam,MaxAbsoluteDeviation,0.4450826942920685,0.35805732011795044,2.478604700008873
"[8, 8, 8, 8, 8]","['tanh', 'sigmoid', 'tanh', 'elu', 'sigmoid']",0906090006,362,Adam,MaxAbsoluteDeviation,0.5266650915145874,0.5068591833114624,1.488776099984534
"[8, 8, 8, 8, 8]","['tanh', 'sigmoid', 'tanh', 'elu', 'sigmoid']",0906090006,272,Adam,MaxAbsoluteDeviation,0.965024471282959,1.0698049068450928,1.244274900003802
"[23, 8, 8]","['tanh', 'sigmoid', 'tanh']",f90609,272,Adam,MaxAbsoluteDeviation,0.5003224611282349,0.5738277435302734,1.0825676000094973
"[23, 8, 8, 11]","['tanh', 'sigmoid', 'tanh', 'sigmoid']",f9060936,272,Adam,MaxAbsoluteDeviation,0.6422440409660339,0.5964821577072144,1.154657800012501
"[23, 8, 8, 11]","['tanh', 'sigmoid', 'tanh', 'sigmoid']",f9060936,272,Adam,MaxAbsoluteDeviation,0.5103782415390015,0.45849156379699707,1.1579669000057038
"[23, 8, 8, 11]","['tanh', 'sigmoid', 'tanh', 'sigmoid']",f9060936,700,Adam,MaxAbsoluteDeviation,0.08852291107177734,0.08663302659988403,2.361890800006222
