"[18, 10]","['elu', 'swish']",a028,448,Adam,MaxAbsoluteDeviation,0.2976153492927551,0.36247870326042175,2.4926037000259385
"[8, 16, 9, 19]","['elu', 'sigmoid', 'elu', 'tanh']",008610b9,322,Adam,MaxAbsoluteDeviation,0.2467218041419983,0.35354897379875183,2.516659599961713
"[8, 16, 9, 19]","['elu', 'sigmoid', 'elu', 'tanh']",008610b9,322,Adam,MaxAbsoluteDeviation,0.2467218041419983,0.6730515956878662,2.4848218999104574
"[8, 16, 9, 19, 8]","['elu', 'sigmoid', 'elu', 'tanh', 'elu']",008610b900,100,Adam,MaxAbsoluteDeviation,1.1452300548553467,0.10938270390033722,1.2272588999476284
"[8, 16, 9, 19, 8, 16]","['elu', 'sigmoid', 'elu', 'tanh', 'elu', 'elu']",008610b90080,100,Adam,MaxAbsoluteDeviation,0.6483792066574097,0.529823899269104,1.3544626000802964
"[8, 16, 9, 19, 8, 16]","['elu', 'sigmoid', 'elu', 'tanh', 'elu', 'elu']",008610b90080,100,Adam,MaxAbsoluteDeviation,0.3860214650630951,0.17545951902866364,1.3590888000326231
"[8, 16, 9, 19, 8]","['elu', 'sigmoid', 'elu', 'tanh', 'elu']",008610b900,100,Adam,MaxAbsoluteDeviation,0.6338647603988647,0.6400075554847717,1.2290981999831274
"[8, 16, 9, 19]","['elu', 'sigmoid', 'elu', 'tanh']",008610b9,100,Adam,MaxAbsoluteDeviation,0.6466827392578125,0.2024703025817871,1.0683713000034913
"[8, 16, 9, 19, 9]","['elu', 'sigmoid', 'elu', 'tanh', 'tanh']",008610b919,100,Adam,MaxAbsoluteDeviation,0.6466827392578125,0.854490339756012,1.2151144000235945
"[8, 16, 9, 19, 16]","['elu', 'sigmoid', 'elu', 'tanh', 'swish']",008610b988,100,Adam,MaxAbsoluteDeviation,0.6592257618904114,0.8810630440711975,1.2191336000105366
"[8, 16, 9, 19, 16]","['elu', 'sigmoid', 'elu', 'tanh', 'swish']",008610b988,100,Adam,MaxAbsoluteDeviation,0.937930703163147,0.5092740058898926,1.2202026000013575
"[8, 16, 9, 19, 16]","['elu', 'sigmoid', 'elu', 'tanh', 'swish']",008610b988,700,Adam,MaxAbsoluteDeviation,0.3786979913711548,0.21442574262619019,5.530456600012258
"[8, 16, 9, 19, 23]","['elu', 'sigmoid', 'elu', 'tanh', 'swish']",008610b9f8,700,Adam,MaxAbsoluteDeviation,0.5147449970245361,0.22986425459384918,5.475097899907269
"[8, 16, 9, 19, 23]","['elu', 'sigmoid', 'elu', 'tanh', 'swish']",008610b9f8,700,Adam,MaxAbsoluteDeviation,0.6638160943984985,0.7563672661781311,5.471571100060828
"[8, 16, 9, 19, 23]","['elu', 'sigmoid', 'elu', 'tanh', 'swish']",008610b9f8,700,Adam,MaxAbsoluteDeviation,0.5093244314193726,0.6934055089950562,5.442910799989477
"[8, 16, 23, 19, 23]","['elu', 'sigmoid', 'elu', 'tanh', 'swish']",0086f0b9f8,700,Adam,MaxAbsoluteDeviation,0.6275421977043152,0.28501567244529724,5.44168589997571
"[8, 16, 23, 19, 23]","['elu', 'sigmoid', 'elu', 'tanh', 'swish']",0086f0b9f8,267,Adam,MaxAbsoluteDeviation,0.6156672239303589,0.3018803596496582,2.350239900057204
"[8, 16, 23, 19, 8]","['elu', 'sigmoid', 'elu', 'tanh', 'swish']",0086f0b908,267,Adam,MaxAbsoluteDeviation,0.3868775963783264,0.16465553641319275,2.3035939000546932
"[8, 16, 23, 19, 8]","['elu', 'elu', 'elu', 'tanh', 'swish']",0080f0b908,267,Adam,MaxAbsoluteDeviation,0.5898629426956177,0.5723754167556763,2.3431558999000117
"[8, 16, 23, 23, 8, 8]","['elu', 'elu', 'elu', 'tanh', 'swish', 'tanh']",0080f0f90809,267,Adam,MaxAbsoluteDeviation,0.778739333152771,0.5904542207717896,2.5209085000678897
"[8, 16, 23, 23, 8, 8]","['elu', 'elu', 'elu', 'tanh', 'swish', 'tanh']",0080f0f90809,700,Adam,MaxAbsoluteDeviation,0.5152197480201721,0.3385365307331085,5.821057499968447
"[8, 16, 23, 23, 8]","['elu', 'elu', 'elu', 'tanh', 'swish']",0080f0f908,526,Adam,MaxAbsoluteDeviation,0.5621607899665833,0.3972316384315491,4.1021907000103965
"[8, 16, 23, 23, 23]","['elu', 'elu', 'elu', 'tanh', 'swish']",0080f0f9f8,526,Adam,MaxAbsoluteDeviation,0.5101500153541565,0.31668275594711304,4.0584503000136465
"[8, 16, 23, 23, 23]","['elu', 'elu', 'elu', 'tanh', 'swish']",0080f0f9f8,700,Adam,MaxAbsoluteDeviation,0.5076057314872742,0.7293793559074402,5.314818000071682
"[8, 16, 23, 23, 23]","['elu', 'elu', 'elu', 'tanh', 'swish']",0080f0f9f8,700,Adam,MaxAbsoluteDeviation,0.8814376592636108,0.6257258653640747,5.300409400020726
"[8, 16, 23, 23, 23]","['elu', 'elu', 'elu', 'tanh', 'swish']",0080f0f9f8,700,Adam,MaxAbsoluteDeviation,0.4973592162132263,0.22930468618869781,5.280201500048861
"[8, 16, 23, 23, 23, 11]","['elu', 'elu', 'elu', 'tanh', 'swish', 'swish']",0080f0f9f838,700,Adam,MaxAbsoluteDeviation,0.5272027850151062,0.2089017927646637,5.70521240006201
"[8, 16, 23, 23, 23, 11]","['tanh', 'elu', 'elu', 'tanh', 'swish', 'swish']",0980f0f9f838,700,Adam,MaxAbsoluteDeviation,0.45271798968315125,0.32418733835220337,5.77412469999399
"[8, 16, 23, 23, 23, 11]","['tanh', 'elu', 'elu', 'tanh', 'swish', 'swish']",0980f0f9f838,100,Adam,MaxAbsoluteDeviation,1.2411061525344849,0.75758296251297,1.327939399983734
"[8, 16, 23, 23, 23, 11]","['tanh', 'elu', 'elu', 'tanh', 'swish', 'swish']",0980f0f9f838,100,Adam,MaxAbsoluteDeviation,0.7637883424758911,0.5690827965736389,1.3290188000537455
"[8, 16, 23, 23, 23, 11]","['tanh', 'elu', 'elu', 'tanh', 'swish', 'swish']",0980f0f9f838,100,Adam,MaxAbsoluteDeviation,0.6977790594100952,0.7235102653503418,1.3175565999699757
"[8, 16, 23, 23, 23, 11]","['tanh', 'elu', 'elu', 'tanh', 'swish', 'swish']",0980f0f9f838,100,Adam,MaxAbsoluteDeviation,0.7390152812004089,0.7150526642799377,1.3090421999804676
"[8, 16, 23, 23, 8, 11]","['tanh', 'elu', 'elu', 'tanh', 'swish', 'swish']",0980f0f90838,100,Adam,MaxAbsoluteDeviation,0.6555386185646057,0.34442248940467834,1.2953845999436453
"[8, 16, 23, 23, 8, 11]","['tanh', 'elu', 'elu', 'tanh', 'swish', 'swish']",0980f0f90838,100,Adam,MaxAbsoluteDeviation,0.9187464118003845,0.5711331367492676,1.3056146999588236
"[8, 16, 23, 23, 8, 11, 21]","['tanh', 'elu', 'elu', 'tanh', 'swish', 'swish', 'swish']",0980f0f90838d8,100,Adam,MaxAbsoluteDeviation,0.9187464118003845,0.5292593240737915,1.4413395000156015
"[8, 16, 23, 23, 8, 11]","['tanh', 'elu', 'elu', 'tanh', 'swish', 'swish']",0980f0f90838,700,Adam,MaxAbsoluteDeviation,0.5262823104858398,0.3589332699775696,5.585548800067045
"[8, 16, 23, 23, 23, 11]","['tanh', 'elu', 'elu', 'tanh', 'swish', 'swish']",0980f0f9f838,700,Adam,MaxAbsoluteDeviation,0.47880250215530396,0.3603671193122864,5.4778997000539675
"[8, 8, 23, 23, 23, 15]","['elu', 'elu', 'elu', 'tanh', 'swish', 'elu']",0000f0f9f870,321,Adam,MaxAbsoluteDeviation,0.5160239934921265,0.4007038474082947,2.7354539999505505
"[8, 23, 23, 23, 23, 15]","['elu', 'elu', 'elu', 'tanh', 'swish', 'elu']",00f0f0f9f870,321,Adam,MaxAbsoluteDeviation,0.9534837007522583,0.6067577600479126,2.7526061999378726
"[8, 23, 23, 23, 23, 15]","['elu', 'elu', 'elu', 'tanh', 'swish', 'elu']",00f0f0f9f870,700,Adam,MaxAbsoluteDeviation,0.4385621249675751,0.42535945773124695,5.501862499979325
"[8, 23, 23, 23, 23, 15, 10]","['elu', 'elu', 'elu', 'tanh', 'swish', 'elu', 'tanh']",00f0f0f9f87029,700,Adam,MaxAbsoluteDeviation,0.4385621249675751,7.478652477264404,5.782091300003231
"[8, 23, 23, 23, 23, 15]","['elu', 'elu', 'elu', 'tanh', 'swish', 'elu']",00f0f0f9f870,700,Adam,MaxAbsoluteDeviation,0.48768502473831177,0.2280762791633606,5.427995500038378
"[8, 23, 23, 23, 23]","['elu', 'elu', 'elu', 'tanh', 'swish']",00f0f0f9f8,700,Adam,MaxAbsoluteDeviation,0.48768502473831177,0.42494523525238037,5.016392500023358
"[23, 23, 23, 23, 23, 15]","['elu', 'elu', 'elu', 'tanh', 'swish', 'elu']",f0f0f0f9f870,700,Adam,MaxAbsoluteDeviation,0.7976195216178894,0.6360499858856201,5.2944859999697655
"[23, 23, 23, 23, 23, 15]","['elu', 'elu', 'elu', 'tanh', 'elu', 'elu']",f0f0f0f9f070,700,Adam,MaxAbsoluteDeviation,0.7976195216178894,1.2477916479110718,5.281245700083673
"[23, 23, 23, 23, 23, 15]","['elu', 'elu', 'elu', 'tanh', 'swish', 'elu']",f0f0f0f9f870,700,Adam,MaxAbsoluteDeviation,0.547926127910614,0.3557667136192322,5.33122229995206
"[23, 23, 23, 23, 23, 15]","['swish', 'elu', 'elu', 'tanh', 'swish', 'elu']",f8f0f0f9f870,700,Adam,MaxAbsoluteDeviation,0.6249956488609314,0.7906011343002319,5.208706700010225
"[23, 23, 23, 23, 23, 15, 20]","['swish', 'elu', 'elu', 'tanh', 'swish', 'elu', 'sigmoid']",f8f0f0f9f870c6,700,Adam,MaxAbsoluteDeviation,0.6249956488609314,7.551796913146973,5.818010399932973
"[23, 23, 23, 23, 23, 15, 14]","['swish', 'elu', 'elu', 'tanh', 'swish', 'elu', 'swish']",f8f0f0f9f87068,374,Adam,MaxAbsoluteDeviation,0.7856453061103821,0.9408064484596252,3.3537268999498338
"[23, 23, 23, 23, 23, 15]","['swish', 'elu', 'elu', 'tanh', 'swish', 'elu']",f8f0f0f9f870,374,Adam,MaxAbsoluteDeviation,0.6093642115592957,0.40803059935569763,3.0335742000024766
"[23, 23, 23, 23, 23, 15]","['swish', 'elu', 'elu', 'tanh', 'swish', 'elu']",f8f0f0f9f870,700,Adam,MaxAbsoluteDeviation,0.7744877338409424,0.6204652190208435,5.225680400035344
"[23, 23, 23, 23, 23]","['swish', 'elu', 'elu', 'tanh', 'swish']",f8f0f0f9f8,700,Adam,MaxAbsoluteDeviation,0.6846623420715332,0.7460259199142456,4.8973008000757545
"[23, 23, 23, 23, 23, 9]","['swish', 'elu', 'elu', 'tanh', 'swish', 'elu']",f8f0f0f9f810,700,Adam,MaxAbsoluteDeviation,0.6229404807090759,0.6300622820854187,5.227218699990772
"[23, 23, 23, 23, 23, 9, 23]","['swish', 'elu', 'elu', 'tanh', 'swish', 'elu', 'sigmoid']",f8f0f0f9f810f6,700,Adam,MaxAbsoluteDeviation,0.9250766038894653,0.6623464822769165,5.614103800035082
"[23, 23, 23, 23, 23, 23, 23]","['swish', 'elu', 'elu', 'tanh', 'swish', 'elu', 'sigmoid']",f8f0f0f9f8f0f6,700,Adam,MaxAbsoluteDeviation,0.9250766038894653,7.368494510650635,5.635409600101411
"[23, 23, 23, 23, 23, 9, 23, 18]","['swish', 'elu', 'elu', 'tanh', 'swish', 'elu', 'sigmoid', 'tanh']",f8f0f0f9f810f6a9,700,Adam,MaxAbsoluteDeviation,0.8463901877403259,0.7307941317558289,5.910277400049381
"[23, 23, 23, 23, 23, 9, 23, 18]","['swish', 'elu', 'elu', 'tanh', 'swish', 'elu', 'sigmoid', 'tanh']",f8f0f0f9f810f6a9,700,Adam,MaxAbsoluteDeviation,1.2539887428283691,1.1207735538482666,6.122276799986139
"[23, 23, 23, 23, 23, 9, 23, 18]","['swish', 'elu', 'elu', 'tanh', 'swish', 'elu', 'sigmoid', 'tanh']",f8f0f0f9f810f6a9,276,Adam,MaxAbsoluteDeviation,1.2539887428283691,1.8007720708847046,2.760878099943511
"[23, 23, 23, 23, 23, 9, 23, 18]","['swish', 'elu', 'elu', 'tanh', 'swish', 'elu', 'tanh', 'tanh']",f8f0f0f9f810f9a9,639,Adam,MaxAbsoluteDeviation,1.2539887428283691,7.382612228393555,5.591898599988781
"[23, 23, 23, 23, 23, 9, 23, 18]","['elu', 'elu', 'elu', 'tanh', 'swish', 'elu', 'sigmoid', 'tanh']",f0f0f0f9f810f6a9,700,Adam,MaxAbsoluteDeviation,1.0860708951950073,1.0097272396087646,6.000811600009911
"[23, 23, 23, 23, 23, 9, 23, 18]","['elu', 'elu', 'elu', 'tanh', 'swish', 'elu', 'sigmoid', 'tanh']",f0f0f0f9f810f6a9,700,Adam,MaxAbsoluteDeviation,1.0860708951950073,2.0404484272003174,5.9860203000716865
"[23, 23, 23, 23, 23, 9, 23, 18]","['elu', 'elu', 'elu', 'tanh', 'swish', 'elu', 'sigmoid', 'swish']",f0f0f0f9f810f6a8,700,Adam,MaxAbsoluteDeviation,1.3135130405426025,1.3867095708847046,5.95326009998098
"[23, 23, 23, 23, 23, 9, 23, 18]","['elu', 'elu', 'elu', 'tanh', 'swish', 'elu', 'sigmoid', 'swish']",f0f0f0f9f810f6a8,485,Adam,MaxAbsoluteDeviation,1.878082513809204,0.9894816279411316,4.361876499955542
"[23, 23, 23, 23, 23, 9, 23, 18]","['elu', 'elu', 'elu', 'tanh', 'swish', 'elu', 'sigmoid', 'swish']",f0f0f0f9f810f6a8,485,Adam,MaxAbsoluteDeviation,0.7695532441139221,0.7662209272384644,4.295913800015114
"[23, 23, 23, 23, 23, 9, 23, 18]","['elu', 'elu', 'elu', 'tanh', 'swish', 'tanh', 'sigmoid', 'swish']",f0f0f0f9f819f6a8,485,Adam,MaxAbsoluteDeviation,1.623332142829895,1.0143613815307617,4.227653899928555
"[23, 23, 23, 23, 23, 9, 23, 18, 15]","['elu', 'elu', 'elu', 'tanh', 'swish', 'tanh', 'sigmoid', 'swish', 'sigmoid']",f0f0f0f9f819f6a876,485,Adam,MaxAbsoluteDeviation,1.623332142829895,7.343755722045898,4.735881200060248
"[23, 23, 23, 23, 23, 9, 23, 18]","['elu', 'elu', 'elu', 'tanh', 'swish', 'tanh', 'sigmoid', 'swish']",f0f0f0f9f819f6a8,100,Adam,MaxAbsoluteDeviation,1.4403902292251587,1.2928024530410767,1.4390094999689609
"[23, 23, 23, 23, 23, 9, 23, 18]","['elu', 'elu', 'elu', 'tanh', 'swish', 'tanh', 'sigmoid', 'swish']",f0f0f0f9f819f6a8,100,Adam,MaxAbsoluteDeviation,1.4403902292251587,3.114032030105591,1.453261599992402
"[23, 23, 23, 23, 23, 9, 23, 18]","['elu', 'elu', 'elu', 'tanh', 'swish', 'tanh', 'sigmoid', 'swish']",f0f0f0f9f819f6a8,100,Adam,MaxAbsoluteDeviation,1.4403902292251587,2.4563345909118652,1.4422750999219716
"[23, 23, 23, 23, 23, 9, 23, 18]","['elu', 'elu', 'elu', 'tanh', 'swish', 'tanh', 'sigmoid', 'swish']",f0f0f0f9f819f6a8,100,Adam,MaxAbsoluteDeviation,1.634131669998169,1.6162667274475098,1.4453747000079602
"[23, 23, 23, 23, 23, 9, 23, 18]","['elu', 'elu', 'elu', 'tanh', 'swish', 'tanh', 'sigmoid', 'swish']",f0f0f0f9f819f6a8,700,Adam,MaxAbsoluteDeviation,1.634131669998169,2.0938098430633545,5.740853799972683
"[23, 23, 23, 8, 23, 9, 23, 18]","['elu', 'elu', 'elu', 'tanh', 'swish', 'tanh', 'sigmoid', 'swish']",f0f0f009f819f6a8,100,Adam,MaxAbsoluteDeviation,1.634131669998169,2.806288719177246,1.4411258000181988
"[23, 23, 23, 23, 23, 9, 23, 18]","['elu', 'tanh', 'elu', 'tanh', 'swish', 'tanh', 'sigmoid', 'swish']",f0f9f0f9f819f6a8,100,Adam,MaxAbsoluteDeviation,1.859039545059204,1.2907193899154663,1.4540876999963075
"[23, 23, 23, 23, 23, 9, 23, 18]","['elu', 'tanh', 'elu', 'tanh', 'swish', 'tanh', 'sigmoid', 'swish']",f0f9f0f9f819f6a8,100,Adam,MaxAbsoluteDeviation,2.2850210666656494,1.462945818901062,1.4260777999879792
"[23, 23, 23, 23, 23, 9, 23, 18]","['sigmoid', 'tanh', 'elu', 'tanh', 'swish', 'tanh', 'sigmoid', 'swish']",f6f9f0f9f819f6a8,100,Adam,MaxAbsoluteDeviation,2.2850210666656494,7.070207595825195,1.441303199972026
"[23, 23, 23, 23, 23, 9, 23, 18]","['elu', 'tanh', 'elu', 'tanh', 'swish', 'tanh', 'sigmoid', 'swish']",f0f9f0f9f819f6a8,700,Adam,MaxAbsoluteDeviation,1.0757558345794678,1.067726731300354,5.86255970003549
"[8, 23, 23, 23, 23, 9, 23, 18]","['elu', 'tanh', 'elu', 'tanh', 'swish', 'tanh', 'sigmoid', 'swish']",00f9f0f9f819f6a8,700,Adam,MaxAbsoluteDeviation,0.5168700218200684,0.6580087542533875,5.790015800041147
"[8, 23, 23, 23, 23, 9, 23, 18]","['elu', 'tanh', 'elu', 'tanh', 'swish', 'elu', 'sigmoid', 'swish']",00f9f0f9f810f6a8,608,Adam,MaxAbsoluteDeviation,0.5168700218200684,1.059985876083374,5.093170400010422
"[8, 23, 23, 23, 23, 9, 23, 18]","['elu', 'tanh', 'elu', 'tanh', 'swish', 'tanh', 'sigmoid', 'swish']",00f9f0f9f819f6a8,700,Adam,MaxAbsoluteDeviation,0.8777843117713928,0.5828197002410889,5.801611399976537
"[8, 23, 23, 23, 23, 9, 23, 18, 8, 17]","['elu', 'tanh', 'elu', 'tanh', 'swish', 'tanh', 'sigmoid', 'swish', 'elu', 'tanh']",00f9f0f9f819f6a80099,700,Adam,MaxAbsoluteDeviation,0.8777843117713928,7.570217132568359,6.449233400053345
"[8, 23, 23, 23, 23, 9, 23, 18]","['elu', 'tanh', 'elu', 'tanh', 'swish', 'tanh', 'sigmoid', 'swish']",00f9f0f9f819f6a8,700,Adam,MaxAbsoluteDeviation,1.005568265914917,0.6307933926582336,5.662994800019078
"[8, 23, 23, 23, 23, 9, 23, 18]","['elu', 'tanh', 'elu', 'tanh', 'swish', 'tanh', 'sigmoid', 'swish']",00f9f0f9f819f6a8,700,Adam,MaxAbsoluteDeviation,0.9741570949554443,0.29301753640174866,5.740626100101508
"[8, 23, 23, 23, 23, 9, 23, 18]","['elu', 'tanh', 'elu', 'tanh', 'swish', 'tanh', 'swish', 'swish']",00f9f0f9f819f8a8,700,Adam,MaxAbsoluteDeviation,1.1512905359268188,0.685789167881012,5.587691899971105
"[8, 23, 23, 23, 23, 9, 23, 18]","['elu', 'tanh', 'elu', 'tanh', 'swish', 'tanh', 'sigmoid', 'swish']",00f9f0f9f819f6a8,700,Adam,MaxAbsoluteDeviation,0.7726075649261475,0.5174868702888489,5.706152300001122
"[8, 23, 23, 23, 23, 9, 23, 18]","['elu', 'tanh', 'elu', 'tanh', 'swish', 'swish', 'sigmoid', 'swish']",00f9f0f9f818f6a8,700,Adam,MaxAbsoluteDeviation,0.953557550907135,0.7538571953773499,5.733626000001095
"[8, 23, 23, 23, 23, 9, 23, 18]","['elu', 'tanh', 'elu', 'tanh', 'swish', 'swish', 'sigmoid', 'swish']",00f9f0f9f818f6a8,700,Adam,MaxAbsoluteDeviation,0.6725000739097595,0.5847193598747253,5.6800540999975055
"[8, 23, 23, 23, 23, 9, 23, 18]","['elu', 'tanh', 'elu', 'tanh', 'swish', 'swish', 'sigmoid', 'swish']",00f9f0f9f818f6a8,700,Adam,MaxAbsoluteDeviation,0.5629835724830627,0.5367913246154785,5.753324699937366
"[8, 23, 23, 23, 23, 9, 23, 8]","['elu', 'elu', 'elu', 'tanh', 'swish', 'swish', 'sigmoid', 'sigmoid']",00f0f0f9f818f606,240,Adam,MaxAbsoluteDeviation,0.5629835724830627,2.9122154712677,2.3701365999877453
"[8, 23, 23, 23, 23, 9, 23, 18]","['elu', 'tanh', 'elu', 'swish', 'swish', 'swish', 'sigmoid', 'swish']",00f9f0f8f818f6a8,700,Adam,MaxAbsoluteDeviation,0.6173750758171082,0.5434020161628723,5.793601600104012
"[8, 23, 23, 23, 23, 9, 23]","['elu', 'tanh', 'elu', 'swish', 'swish', 'swish', 'sigmoid']",00f9f0f8f818f6,700,Adam,MaxAbsoluteDeviation,0.6173750758171082,4.283454418182373,5.392673700000159
"[8, 23, 23, 23, 23, 8, 23, 18]","['elu', 'tanh', 'elu', 'swish', 'swish', 'swish', 'sigmoid', 'swish']",00f9f0f8f808f6a8,700,Adam,MaxAbsoluteDeviation,0.6173750758171082,7.485935688018799,13.484879299998283
"[8, 23, 23, 23, 23, 9, 23, 18]","['elu', 'tanh', 'elu', 'swish', 'swish', 'swish', 'sigmoid', 'swish']",00f9f0f8f818f6a8,700,Adam,MaxAbsoluteDeviation,0.49387869238853455,0.439790815114975,8.250467600068077
"[8, 23, 23, 23, 23, 9, 8, 18]","['elu', 'tanh', 'elu', 'swish', 'swish', 'swish', 'sigmoid', 'swish']",00f9f0f8f81806a8,700,Adam,MaxAbsoluteDeviation,0.45319864153862,0.6040176153182983,8.322348600020632
"[8, 23, 23, 23, 23, 9, 8]","['elu', 'tanh', 'elu', 'swish', 'swish', 'swish', 'swish']",00f9f0f8f81808,700,Adam,MaxAbsoluteDeviation,0.45319864153862,0.636394202709198,7.645249999943189
"[8, 23, 23, 23, 23, 9, 8, 18]","['elu', 'tanh', 'elu', 'swish', 'swish', 'swish', 'sigmoid', 'swish']",00f9f0f8f81806a8,700,Adam,MaxAbsoluteDeviation,0.33180952072143555,0.3424409031867981,8.278025200008415
"[8, 23, 23, 23, 23, 9, 8, 18]","['elu', 'tanh', 'elu', 'swish', 'swish', 'swish', 'sigmoid', 'swish']",00f9f0f8f81806a8,700,Adam,MaxAbsoluteDeviation,0.4418753683567047,0.5743584036827087,8.345295000006445
"[8, 23, 23, 23, 23, 9, 8, 18]","['elu', 'tanh', 'elu', 'swish', 'swish', 'swish', 'sigmoid', 'swish']",00f9f0f8f81806a8,283,Adam,MaxAbsoluteDeviation,0.42388835549354553,0.5865594744682312,3.7584563000127673
"[8, 23, 23, 23, 23, 9, 8]","['elu', 'tanh', 'elu', 'swish', 'swish', 'swish', 'sigmoid']",00f9f0f8f81806,283,Adam,MaxAbsoluteDeviation,0.42388835549354553,7.282127380371094,3.3747177999466658
"[8, 23, 23, 23, 23, 9, 8]","['elu', 'tanh', 'elu', 'swish', 'swish', 'swish', 'sigmoid']",00f9f0f8f81806,283,Adam,MaxAbsoluteDeviation,0.42388835549354553,7.416907787322998,3.369330000015907
"[8, 23, 8, 23, 23, 9, 8, 18]","['elu', 'tanh', 'elu', 'swish', 'swish', 'swish', 'sigmoid', 'swish']",00f900f8f81806a8,283,Adam,MaxAbsoluteDeviation,0.674643337726593,0.6724483370780945,3.7320661999983713
"[8, 23, 8, 23, 23, 9, 8, 18]","['elu', 'tanh', 'elu', 'swish', 'swish', 'swish', 'sigmoid', 'swish']",00f900f8f81806a8,203,Adam,MaxAbsoluteDeviation,0.7527661919593811,0.42275524139404297,2.8725476000690833
"[8, 23, 8, 23, 23, 9, 8, 18, 16]","['elu', 'tanh', 'elu', 'swish', 'swish', 'swish', 'sigmoid', 'swish', 'elu']",00f900f8f81806a880,203,Adam,MaxAbsoluteDeviation,0.8785457611083984,0.7193233370780945,3.1091978000476956
"[8, 23, 8, 12, 23, 9, 8, 18, 16]","['elu', 'tanh', 'elu', 'swish', 'swish', 'swish', 'sigmoid', 'swish', 'elu']",00f90048f81806a880,203,Adam,MaxAbsoluteDeviation,0.8408496379852295,0.4521870017051697,3.101750300033018
"[8, 23, 8, 12, 23, 9, 8, 18, 16, 20]","['elu', 'tanh', 'elu', 'swish', 'swish', 'swish', 'sigmoid', 'swish', 'elu', 'tanh']",00f90048f81806a880c9,203,Adam,MaxAbsoluteDeviation,0.8408496379852295,5.764519214630127,3.3442203000886366
"[23, 23, 8, 12, 23, 9, 8, 18, 16]","['elu', 'tanh', 'elu', 'swish', 'swish', 'swish', 'sigmoid', 'swish', 'elu']",f0f90048f81806a880,203,Adam,MaxAbsoluteDeviation,0.7223824262619019,0.8665667772293091,3.128787500085309
"[23, 23, 8, 12, 23, 9, 8, 18, 16]","['elu', 'tanh', 'elu', 'swish', 'swish', 'swish', 'sigmoid', 'tanh', 'elu']",f0f90048f81806a980,203,Adam,MaxAbsoluteDeviation,0.7223824262619019,7.346445083618164,3.037959899986163
"[23, 23, 8, 12, 23, 9, 8, 18]","['elu', 'tanh', 'elu', 'swish', 'swish', 'swish', 'sigmoid', 'swish']",f0f90048f81806a8,203,Adam,MaxAbsoluteDeviation,0.6467924118041992,0.30140721797943115,2.8497863000957295
"[23, 23, 8, 12, 23, 8, 8, 18]","['elu', 'tanh', 'elu', 'swish', 'swish', 'swish', 'sigmoid', 'swish']",f0f90048f80806a8,203,Adam,MaxAbsoluteDeviation,0.5249522924423218,0.39368122816085815,2.8511466999771073
"[23, 23, 8, 12, 23, 8, 23, 18]","['elu', 'tanh', 'elu', 'swish', 'swish', 'swish', 'sigmoid', 'swish']",f0f90048f808f6a8,203,Adam,MaxAbsoluteDeviation,0.8883587718009949,0.27201810479164124,2.82793499995023
"[23, 23, 8, 12, 23, 8, 23]","['elu', 'tanh', 'elu', 'swish', 'swish', 'swish', 'sigmoid']",f0f90048f808f6,203,Adam,MaxAbsoluteDeviation,0.34763258695602417,0.10081665217876434,2.600943199940957
"[23, 23, 8, 12, 23, 8]","['elu', 'tanh', 'elu', 'swish', 'swish', 'swish']",f0f90048f808,203,Adam,MaxAbsoluteDeviation,0.46950745582580566,0.2879304587841034,2.310342999990098
"[23, 23, 8, 12, 23, 8, 8]","['elu', 'tanh', 'elu', 'swish', 'swish', 'swish', 'sigmoid']",f0f90048f80806,203,Adam,MaxAbsoluteDeviation,0.46950745582580566,3.0198898315429688,2.556032699998468
"[23, 23, 8, 12, 23, 8, 14]","['elu', 'tanh', 'elu', 'swish', 'swish', 'swish', 'elu']",f0f90048f80860,203,Adam,MaxAbsoluteDeviation,0.46950745582580566,0.2446119636297226,2.5418978000525385
"[23, 23, 8, 12, 23, 8, 13]","['elu', 'tanh', 'elu', 'swish', 'swish', 'swish', 'tanh']",f0f90048f80859,203,Adam,MaxAbsoluteDeviation,0.46950745582580566,7.354393005371094,2.532289999886416
"[23, 23, 8, 12, 23]","['elu', 'tanh', 'elu', 'swish', 'swish']",f0f90048f8,203,Adam,MaxAbsoluteDeviation,0.29672297835350037,0.30203625559806824,2.032393499976024
"[23, 23, 8, 12, 23]","['elu', 'tanh', 'elu', 'swish', 'swish']",f0f90048f8,128,Adam,MaxAbsoluteDeviation,0.5707917213439941,0.22323310375213623,1.4811189000029117
"[23, 23, 8, 12, 23]","['elu', 'tanh', 'elu', 'swish', 'swish']",f0f90048f8,700,Adam,MaxAbsoluteDeviation,0.5918344259262085,0.2004508227109909,5.864963699947111
"[23, 23, 8, 12, 23]","['elu', 'tanh', 'elu', 'swish', 'swish']",f0f90048f8,700,Adam,MaxAbsoluteDeviation,0.23245109617710114,0.2767883837223053,5.874958400032483
"[23, 8, 8, 12, 23]","['elu', 'tanh', 'elu', 'swish', 'swish']",f0090048f8,700,Adam,MaxAbsoluteDeviation,0.2516973316669464,0.1590476930141449,5.788560200016946
"[8, 8, 8, 12, 23]","['elu', 'tanh', 'elu', 'swish', 'swish']",00090048f8,700,Adam,MaxAbsoluteDeviation,0.42999398708343506,0.18034043908119202,5.795872300048359
"[8, 8, 8, 12, 23]","['elu', 'tanh', 'elu', 'swish', 'swish']",00090048f8,700,Adam,MaxAbsoluteDeviation,0.5496459007263184,0.2926657199859619,5.813962299958803
"[8, 8, 8, 12, 8]","['elu', 'tanh', 'elu', 'swish', 'swish']",0009004808,700,Adam,MaxAbsoluteDeviation,0.18328402936458588,0.10560595244169235,5.65450319997035
"[8, 8, 8, 12, 8]","['elu', 'tanh', 'elu', 'swish', 'swish']",0009004808,221,Adam,MaxAbsoluteDeviation,0.18328402936458588,0.4765060544013977,2.1223352000815794
"[8, 8, 8, 12, 8]","['elu', 'tanh', 'elu', 'swish', 'swish']",0009004808,700,Adam,MaxAbsoluteDeviation,0.3438137471675873,0.4065330922603607,5.714173100073822
"[8, 8, 8, 12, 23]","['elu', 'tanh', 'elu', 'swish', 'swish']",00090048f8,700,Adam,MaxAbsoluteDeviation,0.49858811497688293,0.16058363020420074,5.626563199912198
"[8, 8, 8, 8]","['elu', 'tanh', 'elu', 'swish']",00090008,700,Adam,MaxAbsoluteDeviation,0.2293407917022705,0.3089425563812256,5.044269599951804
"[8, 8, 8, 8, 15, 14]","['elu', 'tanh', 'elu', 'swish', 'tanh', 'swish']",000900087968,700,Adam,MaxAbsoluteDeviation,0.4598185122013092,0.2278057336807251,6.2632317000534385
"[8, 8, 8, 8, 15, 14]","['elu', 'tanh', 'elu', 'sigmoid', 'tanh', 'swish']",000900067968,700,Adam,MaxAbsoluteDeviation,0.4054316580295563,0.31778794527053833,6.0258596000494435
"[8, 8, 8, 8, 15]","['elu', 'tanh', 'elu', 'sigmoid', 'tanh']",0009000679,700,Adam,MaxAbsoluteDeviation,0.3165839910507202,0.3215428590774536,5.4907217000145465
"[8, 8, 8, 8, 15]","['elu', 'tanh', 'elu', 'sigmoid', 'tanh']",0009000679,700,Adam,MaxAbsoluteDeviation,0.3523358106613159,0.4238872826099396,5.593080100021325
"[8, 8, 8, 8, 15]","['elu', 'tanh', 'elu', 'sigmoid', 'tanh']",0009000679,700,Adam,MaxAbsoluteDeviation,0.4521113634109497,0.20549838244915009,5.473315499955788
"[8, 8, 8, 8, 8]","['elu', 'tanh', 'elu', 'sigmoid', 'tanh']",0009000609,700,Adam,MaxAbsoluteDeviation,0.3787924647331238,0.1259787529706955,5.46349619992543
"[8, 23, 8, 8, 8]","['elu', 'tanh', 'elu', 'sigmoid', 'tanh']",00f9000609,700,Adam,MaxAbsoluteDeviation,0.32310760021209717,0.22911831736564636,5.37799880001694
"[8, 23, 8, 8]","['elu', 'tanh', 'elu', 'sigmoid']",00f90006,700,Adam,MaxAbsoluteDeviation,0.29758143424987793,0.2040625959634781,4.892211899976246
"[8, 23, 8, 8]","['elu', 'tanh', 'elu', 'sigmoid']",00f90006,700,Adam,MaxAbsoluteDeviation,0.3859420418739319,0.1920526623725891,4.977022500010207
"[8, 8, 8, 8]","['elu', 'tanh', 'elu', 'sigmoid']",00090006,700,Adam,MaxAbsoluteDeviation,0.40372371673583984,0.2819499969482422,4.841567600029521
"[8, 8, 8, 8]","['elu', 'tanh', 'elu', 'sigmoid']",00090006,700,Adam,MaxAbsoluteDeviation,0.2221807837486267,0.24132609367370605,4.856458200025372
"[8, 8, 8, 8]","['elu', 'tanh', 'elu', 'sigmoid']",00090006,100,Adam,MaxAbsoluteDeviation,0.33410561084747314,0.20242556929588318,1.0664374999469146
"[8, 8, 8, 8]","['elu', 'tanh', 'elu', 'sigmoid']",00090006,700,Adam,MaxAbsoluteDeviation,0.3004547655582428,0.2705768346786499,4.827576700015925
"[8, 8, 23, 8]","['elu', 'tanh', 'elu', 'sigmoid']",0009f006,299,Adam,MaxAbsoluteDeviation,0.4099175035953522,0.20504534244537354,2.2602909000124782
"[8, 8, 23]","['elu', 'tanh', 'elu']",0009f0,299,Adam,MaxAbsoluteDeviation,0.2665296196937561,0.07565096765756607,1.9310269000707194
"[8, 8, 23]","['elu', 'tanh', 'elu']",0009f0,700,Adam,MaxAbsoluteDeviation,0.244533509016037,0.20526690781116486,4.124702199944295
"[8, 8, 23]","['elu', 'tanh', 'elu']",0009f0,700,Adam,MaxAbsoluteDeviation,0.10796297341585159,0.10349095612764359,4.173304099938832
"[8, 8, 23]","['elu', 'tanh', 'elu']",0009f0,700,Adam,MaxAbsoluteDeviation,0.36612653732299805,0.3484469950199127,4.133874699939042
"[8, 8, 23]","['elu', 'tanh', 'swish']",0009f8,700,Adam,MaxAbsoluteDeviation,0.1249835193157196,0.06883473694324493,4.1510194999864325
"[8, 8, 23]","['elu', 'tanh', 'swish']",0009f8,700,Adam,MaxAbsoluteDeviation,0.1249835193157196,0.3891422152519226,4.1045655000489205
[8],['elu'],00,700,Adam,MaxAbsoluteDeviation,0.1249835193157196,0.15529996156692505,3.054045800003223
"[8, 8]","['elu', 'tanh']",0009,700,Adam,MaxAbsoluteDeviation,0.09714584052562714,0.08848105370998383,3.5663980999961495
